<manifest><control namespace="ShaheerAhmad" constructor="GetClientDetails" version="0.0.1" display-name-key="GetClientDetails" description-key="GetClientDetails description" control-type="standard" api-version="1.3.11"><external-service-usage enabled="false" /><property name="IPAddress" display-name-key="IPAddress" description-key="IPAddress" of-type="SingleLine.Text" usage="output" required="true" /><property name="TextColor" display-name-key="TextColor" description-key="TextColor" of-type="SingleLine.Text" usage="input" required="true" /><property name="FontSize" display-name-key="FontSize" description-key="FontSize" of-type="SingleLine.Text" usage="input" required="true" /><property name="FontWeight" display-name-key="FontWeight" description-key="FontWeight" of-type="SingleLine.Text" usage="input" required="true" /><resources><code path="bundle.js" order="1" /></resources><built-by name="pac" version="1.31.2" /></control></manifest>